state,village,built_up_score,road_score,mining_score,human_pressure_score,human_pressure_class,human_pressure_rank
CG,Tumdiboda,0.1728,0.3425016707370749,0.0366152743759509,0.18285508353390773,Very High Pressure,1
UP,Dindaspur,0.0,0.3,0.4238703978069073,0.21716111934207216,High Pressure,2
UP,Bhedahan,0.1394,0.3,0.4456110358775085,0.2794433107632526,High Pressure,3
UP,Pathra,0.0,0.0,1.0,0.3,High Pressure,4
UP,Baghera Khurd,0.0,0.5849398573417932,0.4401008058971274,0.30751219897167614,High Pressure,5
CG,Dashpur,0.0295,1.0,0.1930544248016426,0.36971632744049276,High Pressure,6
CG,Sidesar,0.3056,0.8105601055729648,0.1728927236174624,0.41727584875712814,Moderate Pressure,7
UP,Balapur,0.4657,0.4068457129718216,0.4149937726827446,0.43283184569636984,Moderate Pressure,8
MP,Mor,0.5594,0.5358740127063532,0.1857235472433966,0.4402392679849249,Moderate Pressure,9
CG,Bargaon,0.4643,0.9038104000750408,0.0667450175208693,0.476886625278773,Moderate Pressure,10
CG,Sonesarar,0.5292,0.8913200595481958,0.0007344768142567,0.47929636090873573,Moderate Pressure,11
JH,Nawagarh,0.7516,0.6001894388670059,0.0364032879394253,0.4916178180419294,Moderate Pressure,12
UP,Rehunchi,0.4939,0.7665993447824752,0.215167665163257,0.4920901029837196,Moderate Pressure,13
MP,Bhim Kund,0.5583,0.897251124594836,0.0450812612524859,0.5060197157541966,Moderate Pressure,14
CG,Badepaneda,0.6708,0.6771280088816456,0.1181998002573808,0.5069183427417079,Moderate Pressure,15
JH,Rajadera,0.7671,0.6022447583006023,0.0722983064014239,0.5092029194106078,Moderate Pressure,16
JH,Rakua,0.6198,0.8934003299160642,0.0,0.5159400989748193,Moderate Pressure,17
CG,Dhanelikanhar,0.8267,0.5491527125203707,0.1010003933280233,0.5257259317545182,Moderate Pressure,18
CG,Margaon,0.768,0.9071111652524322,0.057749629669719,0.5966582384766453,Moderate Pressure,19
CG,Barchegondi,0.7586,0.9266359742359492,0.1044359042109691,0.6127615635340756,Low Pressure,20
MP,Ramgarh,0.7251,0.9401843314719268,0.138057913330464,0.6135126734407172,Low Pressure,21
JH,Rabda,0.8391,0.8014470528330446,0.1626339953922322,0.6248643144675831,Low Pressure,22
CG,Binjam,0.7956,0.9859892119128646,0.074830101069315,0.6364857938946539,Low Pressure,23
UP,Ram Nagara,0.5823,0.3484915667893328,1.0,0.6374674700367998,Low Pressure,24
MP,Dedla,0.7647,0.6846841312541776,0.4415662907855135,0.6437551266119073,Low Pressure,25
JH,Uparbarga,0.8617,0.9795633946710348,0.0488768655702722,0.6532120780723921,Low Pressure,26
CG,Karpawand,0.7117,0.8469934569104938,0.3852406931600352,0.6543502450211587,Low Pressure,27
MP,Naharpura,0.7648,0.970002380816694,0.2041881405959767,0.6581771564238011,Low Pressure,28
CG,Chipawand,0.8287,0.5869467042017796,0.5057654979353805,0.659293660641148,Low Pressure,29
CG,Ghotpal,0.8816,0.8879509832192474,0.1366989229655044,0.6600349718554255,Low Pressure,30
JH,Ghutua,0.8428,0.9408598852879848,0.1355554323721329,0.6600445952980354,Low Pressure,31
JH,Latar Kundrijhor,0.914,0.9988920881987422,0.0,0.6652676264596227,Low Pressure,32
UP,Devghat,0.8642,0.744153035148449,0.3392535982386415,0.6707019900161271,Low Pressure,33
UP,Ranjitgarh,0.2175,1.0,0.947756867959096,0.6713270603877288,Low Pressure,34
CG,Chhindnar,0.93,0.8438194335135636,0.1579359543858903,0.6725266163698362,Low Pressure,35
CG,Chamarray Tolagaon,0.9897,0.9317829521858516,0.0,0.6754148856557555,Low Pressure,36
MP,Sali,0.7031,1.0,0.3803884974127105,0.6953565492238132,Low Pressure,37
UP,Kaimokhar,0.7929,0.7721079134625363,0.5280810537235814,0.7072166901558353,Low Pressure,38
CG,Hidpal,0.9556,0.9347579599001484,0.1687222966691226,0.7132840769707813,Low Pressure,39
CG,Ulnar,0.9037,0.81633599765,0.3592366061967655,0.7141517811540297,Low Pressure,40
MP,Chikali,0.7369,1.0,0.4173161359913995,0.7199548407974198,Low Pressure,41
MP,Ekalbara,0.6388,0.9365111224585754,0.6178733008454651,0.7218353269912122,Low Pressure,42
UP,Pakhodana,0.6496,0.8947058325517732,0.6456174857413323,0.7219369954879316,Low Pressure,43
CG,Pharasgaon,0.844,0.95022061814501,0.3635923853354026,0.7317439010441237,Low Pressure,44
JH,Hulsi,0.9967,0.9480255471975962,0.1694881270539224,0.7339341022754556,Low Pressure,45
MP,Temla,0.8537,0.9474335555445754,0.4172188484288999,0.7508757211920425,Low Pressure,46
CG,Borgaon,0.8768,0.9440731023482604,0.4054477180286084,0.7555762461130606,Low Pressure,47
MP,Khedi,0.7741,1.0,0.5253203485960046,0.7672361045788013,Low Pressure,48
MP,Sagonia,0.9653,0.8573225885062927,0.435597541248569,0.7739960389264586,Low Pressure,49
CG,Choknar,0.9594,0.9258288047178396,0.4109401885038359,0.7847906979665027,Low Pressure,50
CG,Kohkapal,1.0,0.9409851930092414,0.3565154182925611,0.7892501833905409,Low Pressure,51
MP,Richhi,0.7561,1.0,0.6452073544791641,0.7960022063437493,Low Pressure,52
CG,Chichdongari,0.966,0.9328764865272344,0.454390192252682,0.802580003633975,Very Low Pressure,53
MP,Ratanpur,0.9554,1.0,0.4142615617762817,0.8064384685328846,Very Low Pressure,54
CG,Usari,1.0,1.0,0.4031067937884777,0.8209320381365433,Very Low Pressure,55
CG,Chhotebanjoda,1.0,0.9460450806267482,0.4767328498931851,0.8268333791559801,Very Low Pressure,56
UP,Majhara,0.6157,1.0,1.0,0.8462799999999999,Very Low Pressure,57
