state,district,block,village,elevation_mean_m,relief_p95_p5_m,mean_slope_deg,soc_gkg_0_30,nitrogen_gkg_0_30,cec_cmolkg_0_30,phh2o_0_30,terrain_score,slope_score,soc_score,nitrogen_score,cec_score,ph_score,soil_score,physical_score,physical_label
Chhattisgarh,Rajnandgaon,KHAIRAGARH,Sonesarar,313.7804,6.0503,0.7458,6.0338,0.6359,34.7303,7.7333,1,1,0.3612,0.3181,0.6265,0.7667,0.5181,0.8394,Very Good
Chhattisgarh,Kanker,KANKER,Dhanelikanhar,416.515,32.6039,2.4717,7.1661,0.8408,16.9204,5.9554,0.7611,0.8543,0.6115,0.7292,0.1507,1,0.6228,0.7461,Good
Chhattisgarh,Dantewada,GEEDAM,Binjam,348.6661,24.9356,3.2676,7.2274,0.7701,11.7733,6.563,0.8302,0.7457,0.6251,0.5874,0.0132,1,0.5564,0.7108,Good
Chhattisgarh,Bijapur,BHAIRAMGARH,Ghotpal,342.4149,121.8385,6.052,8.957,0.9665,11.8833,5.9447,0,0.3657,1,0.9815,0.0161,1,0.7494,0.3717,Poor
Chhattisgarh,Dantewada,GEEDAM,Chhindnar,346.0026,16.4956,3.2966,7.1118,0.9556,11.2244,6.4287,0.9063,0.7417,0.5995,0.9596,0,1,0.6398,0.7626,Good
Chhattisgarh,Dantewada,GEEDAM,Hidpal,401.6961,69.1341,4.7403,8.594,1.0466,18.8489,6.1055,0.4319,0.5447,0.9272,1,0.2022,1,0.7824,0.5863,Moderate
Chhattisgarh,Bastar,TONKAPAL,Kohkapal,538.2241,11.6692,1.7677,6.2667,0.718,30.5879,5.0621,0.9498,0.9503,0.4127,0.4829,0.5158,0.5621,0.4934,0.7978,Good
Chhattisgarh,Bastar,JAGDALPUR,Ulnar,583.8311,20.9702,1.9178,8.7554,0.8806,38.7986,6.4343,0.866,0.9299,0.9629,0.809,0.7351,1,0.8768,0.8909,Very Good
Chhattisgarh,Narayanpur,NARAYANPUR,Borgaon,580.0047,34.5894,3.0461,8.169,0.8867,21.4278,6.0005,0.7432,0.7759,0.8333,0.8213,0.2711,1,0.7314,0.7502,Good
Chhattisgarh,Kondagaon,KONDAGAON,Chipawand,634.7257,30.7266,2.2647,8.227,0.9675,22.1543,6.2291,0.778,0.8825,0.8461,0.9834,0.2905,1,0.78,0.8135,Very Good
Chhattisgarh,Bastar,BAKABAND,Karpawand,593.9543,30.3336,1.4868,8.1266,0.9423,34.0991,6.2329,0.7816,0.9887,0.8239,0.9329,0.6096,1,0.8416,0.8706,Very Good
Chhattisgarh,Bastar,BAKABAND,Choknar,578.6046,28.2482,2.0085,8.4665,0.9545,29.7475,5.934,0.8004,0.9175,0.899,0.9573,0.4933,1,0.8374,0.8518,Very Good
Chhattisgarh,Gariyaband,MAINPUR,Bargaon,513.5659,25.187,2.9395,7.9629,0.937,21.5133,6.1329,0.8279,0.7904,0.7877,0.9223,0.2734,1,0.7459,0.7881,Good
Chhattisgarh,Rajnandgaon,DONGARGAON,Margaon,321.5718,14.6257,1.3982,5.9675,0.664,23.9114,6.7745,0.9231,1,0.3466,0.3744,0.3374,1,0.5146,0.8126,Very Good
Chhattisgarh,Kanker,KANKER,Sidesar,387.1344,14.9852,1.6248,6.7688,0.6439,13.6075,6.1883,0.9199,0.9698,0.5237,0.3341,0.0622,1,0.48,0.7899,Good
Chhattisgarh,Kondagaon,PHARASGAON,Chhote Banjoda,638.9499,33.4781,2.2191,8.0579,0.9329,31.2938,6.1057,0.7532,0.8887,0.8087,0.9139,0.5347,1,0.8143,0.8188,Very Good
Chhattisgarh,Rajnandgaon,RAJNANDGAON,Bade Panera,287.6461,13.5057,1.3172,5.4346,0.6064,19.7737,6.5492,0.9332,1,0.2288,0.2589,0.2269,1,0.4286,0.7873,Good
Chhattisgarh,Kanker,KANKER,Albeda Gram Panchayat,3.3695,0,1.4544,0,0,0,0,1,0.9931,0,0,0,0,0,0.6644,Good
Chhattisgarh,Durg,DHAMDHA,Pharsigaon,,,,,,,,,,,,,,,,Not available
Madhya Pradesh,Barwani,Pati,Ramgarh,579.8712,227.5953,13.7446,7.9274,0.6985,50.4719,7.4532,0,0,0.7798,0.4436,1,1,0.8059,0.2686,Poor
Madhya Pradesh,Barwani,Barwani,Temla,368.7122,50.0909,5.4489,5.4382,0.4707,40.4719,7.6855,0.6035,0.448,0.2296,0,0.7798,0.8145,0.456,0.5025,Moderate
Madhya Pradesh,Barwani,Rajpur,Ekalbara,330.6568,46.1969,3.793,5.2577,0.4751,37.1887,7.6396,0.6386,0.674,0.1897,0,0.6921,0.8604,0.4356,0.5827,Moderate
Madhya Pradesh,Khargone,Bhikangaon,Ratanpur,210.6051,32.6621,1.8611,4.5718,0.4754,42.5165,7.6378,0.7606,0.9376,0.038,0,0.8344,0.8622,0.4337,0.7106,Good
Madhya Pradesh,Chhindwara,Amarwara,Sagonia,661.4427,44.2127,4.1488,6.7,0.6026,51.4748,7.5864,0.6565,0.6254,0.5085,0.2512,1,0.9136,0.6683,0.6501,Good
Madhya Pradesh,Alirajpur,Udaigarh,Naharpura,389.5594,66.8197,7.9363,5.4732,0.4743,48.8643,7.6821,0.4527,0.1085,0.2373,0,1,0.8179,0.5138,0.3584,Poor
Madhya Pradesh,Dhar,Manawar,Dedla,205.592,18.231,2.1561,4.7893,0.4844,41.899,7.7921,0.8906,0.8973,0.0861,0.0141,0.818,0.7079,0.4065,0.7315,Good
Madhya Pradesh,Dhar,Gandhwani,Sali,281.3604,26.6735,2.2639,4.9845,0.4771,49.9842,7.7818,0.8146,0.8826,0.1293,0,1,0.7182,0.4619,0.7197,Good
Madhya Pradesh,Dhar,Manawar,Chikali,227.2404,20.9307,1.5785,5.3292,0.5535,41.4741,7.73,0.8663,0.9762,0.2055,0.1527,0.8066,0.77,0.4837,0.7754,Good
Madhya Pradesh,Jhabua,Petlawad,Mor,381.5375,32.1239,2.8085,5.0821,0.4804,50.8693,7.7952,0.7654,0.8083,0.1508,0.006,1,0.7048,0.4654,0.6797,Good
Uttar Pradesh,Sambhal,Baniyakhera,Pathra,186.7191,4.4657,1.3627,4.359,0.6153,7.8035,6.3979,1,1,0,0.2767,0,1,0.3192,0.7731,Good
Uttar Pradesh,Hamirpur,Muskara,Kaimokhar,132.4494,2.667,0.49,3.7876,0.6079,16.0029,7.6335,1,1,0,0.262,0.1262,0.8665,0.3137,0.7712,Good
Uttar Pradesh,Etawah,Takha,Balapur,147.2765,1.4144,0.5228,4.6364,0.7307,9.0311,7.3662,1,1,0.0523,0.5082,0,1,0.3901,0.7967,Good
Uttar Pradesh,Varanasi,,Dindaspur,81.9305,5.4319,1.7581,4.3807,0.6531,39.1518,7.2474,1,0.9517,0,0.3525,0.7446,1,0.5243,0.8253,Very Good
Uttar Pradesh,Banda,Naraini,Rehunchi,148.0649,6.5089,1.6976,4.6585,0.5924,14.5039,7.6357,0.9963,0.9599,0.0572,0.2309,0.0861,0.8643,0.3096,0.7553,Good
Chhattisgarh,Kanker,KOYALIBEDA,Vanusari,333.2702,64.4151,24.5902,6.9833,0.9767,19,7.1667,0.4744,0,0.5711,1,0.2062,1,0.6943,0.3896,Poor
Chhattisgarh,Gariyaband,GARIABAND,Daspur,401.7666,34.0608,7.0136,8.0118,0.8324,18.5922,5.85,0.748,0.2345,0.7985,0.7124,0.1953,1,0.6766,0.553,Moderate
Chhattisgarh,Kondagaon,KONDAGAON,Chinchdongari,605.3896,36.1714,5.5238,8.1367,0.9207,19.1754,5.9943,0.729,0.4378,0.8261,0.8896,0.2109,1,0.7317,0.6328,Good
Chhattisgarh,Rajnandgaon,DONGARGAON,Cha Tolagaon (Chamarrai Tolagaon),289.3775,27.7601,4.1385,6.1893,0.6903,22.152,7.3956,0.8048,0.6268,0.3956,0.4273,0.2904,1,0.5283,0.6533,Good
Chhattisgarh,Rajnandgaon,DONGARGAON,Tumdibod,310.3547,15.4756,3.5971,6.0454,0.6845,26.7382,7.1723,0.9155,0.7007,0.3638,0.4155,0.413,1,0.5481,0.7214,Good
Madhya Pradesh,Seoni,Kurai,Richi,521.466,127.6742,9.1479,6.0019,0.5715,53.1111,7.613,0,0,0.3542,0.1888,1,0.887,0.6075,0.2025,Poor
Madhya Pradesh,Jhabua,Thandla,Bhimkund,329.8641,34.3421,5.0964,4.9775,0.5072,37.3288,7.7952,0.7454,0.4961,0.1277,0.0598,0.6959,0.7048,0.397,0.5462,Moderate
Madhya Pradesh,Sehore,Sehore,Sukhedi,467.7553,11.2952,2.8544,4.7492,0.5391,47.3608,7.6825,0.9531,0.802,0.0772,0.1238,0.9639,0.8175,0.4956,0.7503,Good
Uttar Pradesh,Pratapgarh,Rampur Sangramgarh,Ranjit Gadhi,95.9345,26.3807,4.743,3.975,0.5869,8.9083,7.2,0.8172,0.5443,0,0.2198,0,1,0.305,0.5555,Moderate
Uttar Pradesh,Mirzapur,Chhanvey,Bagheda Khurd,82.6956,15.511,3.8541,4.8316,0.6415,40.0579,7.2667,0.9152,0.6656,0.0955,0.3293,0.7688,1,0.5484,0.7097,Good
Uttar Pradesh,Aligarh,Tappal,Pakhodna,183.163,10.9926,2.6729,4.3777,0.5923,10.213,7.9678,0.9559,0.8268,0,0.2306,0,0.5322,0.1907,0.6578,Good
Jharkhand,Gumla,Raidih,Nawagarh,720.5531,214.7195,8.745,11.8761,1.071,40.4191,6.2886,0,0,1,1,0.7784,1,0.9446,0.3149,Poor
Jharkhand,Gumla,Chainpur,Rajadera,997.4376,144.9544,10.5784,14.1523,1.2657,39.51,5.927,0,0,1,1,0.7541,1,0.9385,0.3128,Poor
Jharkhand,Latehar,Latehar,Ghutua,390.4429,74.0221,6.7815,6.5495,0.7401,46.138,7.1984,0.3878,0.2661,0.4752,0.5271,0.9312,1,0.7334,0.4624,Moderate
Jharkhand,West Singhbhum,Noamundi,Latar Kundrijod,425.0679,55.41,8.6117,8.9419,0.9079,22.0075,6.1896,0.5556,0.0164,1,0.8639,0.2866,1,0.7876,0.4532,Moderate
Jharkhand,Ranchi,Bero,Hulsi,666.4995,57.4045,7.0459,10.2781,0.9905,21.6726,6.3707,0.5376,0.2301,1,1,0.2776,1,0.8194,0.529,Moderate
Jharkhand,Ramgarh,Gola,Upar Barga,380.5033,247.6393,11.4208,10.9107,1.0831,33.5157,6.2429,0,0,1,1,0.594,1,0.8985,0.2995,Poor
Jharkhand,Ramgarh,Gola,Rakua,316.5168,37.2874,4.3897,7.1928,0.7614,33.3929,6.2395,0.7189,0.5925,0.6174,0.5699,0.5907,1,0.6945,0.6686,Good
Jharkhand,Palamu,Nawa Bazar,Rabda,213.6812,66.8965,6.0837,5.9115,0.6309,40.0423,7.5872,0.4521,0.3614,0.3342,0.308,0.7684,0.9128,0.5808,0.4648,Moderate
